item_id	folder	type	status	fav	created
7b801917-51e4-4cfc-b62b-e8560f2b8f3e	root	video_input	uploaded	0	2026-09-16T21:52:40
3104ecc6-9ff9-4c53-88ee-a0785dc9af7d	scene2	job	completed	1	2026-09-15T23:02:52
644f3251-767a-49dc-8025-9dceab04b75f	root	job	completed	0	2026-09-15T22:43:56
b98bcb94-7dc0-42e4-911b-49728151fa71	root	job	completed	0	2026-09-15T22:43:56
d496e087-9995-4ef2-bbc6-e66897dfa816	scene3	job	completed	0	2026-09-15T22:36:52
9b3983d5-45d6-4ac8-ba9a-16b3dfcfcc73	scene3	job	completed	0	2026-09-15T22:36:52
44fa46fc-21d5-41e2-b52f-1ea644b84b67	scene2	job	completed	0	2026-09-15T22:35:17
1792c59a-9188-4d0c-bafd-d2f0e8614c07	scene2	job	completed	0	2026-09-15T22:35:17
21a9e62f-d935-4291-895c-def425f365b7	scene2	job	completed	0	2026-09-15T22:34:59
85ec43a9-df94-4668-a42c-ae105f81e662	scene2	job	completed	0	2026-09-15T22:34:59
1abebd64-3d95-4ac7-a6b2-9ebf0f336dc1	scene1	job	completed	0	2026-09-15T21:46:42
01b9e343-8f84-4565-9afb-bc3f2b49d68d	scene1	job	completed	1	2026-09-15T21:46:42
8e2af572-d804-4e12-b923-f5e00a8b8cf6	scene2	job	completed	0	2026-09-14T23:12:34
e322ed61-3cff-43d3-9cd8-547c55883b9e	scene2	job	completed	0	2026-09-14T23:12:34
022381ba-9cd9-4931-b280-582ad8550662	root	job	completed	1	2026-09-14T23:04:33
58f2b685-4159-47d3-945f-f3914f34f4c8	root	job	completed	1	2026-09-14T23:04:33
d484a959-482d-4a30-913b-fef46183be71	scene3	job	completed	1	2026-09-14T06:57:55
25660204-33bc-43b9-80aa-411a0999baeb	scene3	job	completed	0	2026-09-14T06:57:55
f0a995ac-6720-4c59-b395-e60a2760867a	scene2	job	completed	1	2026-09-14T04:57:50
5caa2e9f-d579-4c07-a431-ce5c3d0666ad	scene2	job	completed	0	2026-09-14T04:57:50
ca08e6fd-80f4-4b6e-b672-f00c714edce6	scene1	job	completed	1	2026-09-13T22:41:42
ae644d57-97fe-4a84-be00-74bac3c644e0	scene1	job	completed	1	2026-09-13T22:41:42
4bb7a3e9-2341-4ce3-8e3d-a8df8f592c54	scene3	job	completed	1	2026-09-13T22:41:06
4896c8e3-bbd9-4162-8380-c460de8fcb0d	scene3	job	completed	0	2026-09-13T22:41:06
6b0d0fac-9889-4ec4-a802-b1db7b0383b6	scene3	job	completed	0	2026-09-13T22:40:40
d35da4ef-22dc-4e4a-9c37-d68e234de39b	scene3	job	completed	0	2026-09-13T22:40:40
38eb40d5-4f8d-452c-ac96-a230864a9486	scene3	job	completed	0	2026-09-13T22:37:12
fdc3a7c0-c386-4e6e-8c07-adcb7a17a5ed	scene3	job	nsfw	0	2026-09-13T22:37:12
906714ac-f799-4add-9795-cfbdae775335	scene3	job	completed	0	2026-09-13T22:36:32
8e13d750-63ad-4acd-aadd-15433704f7e4	scene3	job	ip_detected	0	2026-09-13T22:36:32
2ab9dfa7-14ca-422a-a8cc-3d401575b90f	scene3	job	completed	1	2026-09-13T22:36:14
36e39026-52a3-4821-9d04-23ec1ec4aba3	scene3	job	completed	0	2026-09-13T22:36:14
e8858b44-44fc-4f2c-b47d-077cde893c5c	scene3	job	completed	0	2026-09-13T22:35:52
0a4c3337-498f-49bc-8aac-2ed1c52a3019	scene3	job	completed	1	2026-09-13T22:35:52
4a85d97a-3368-411a-957f-1bb06442eee5	scene3	job	completed	0	2026-09-13T22:23:10
ce8cd528-18db-48db-a1a3-b956e45e3de5	scene3	job	completed	1	2026-09-13T22:23:10
8c13f573-7a01-415f-ac20-8f1f53dcc547	scene3	job	completed	1	2026-09-13T22:22:52
256dfbfe-e18a-4b42-aefa-4962f7f901bc	scene3	job	completed	0	2026-09-13T22:22:52
e8d1b2a6-320a-4226-aa37-a1aca9edf19b	scene3	job	completed	0	2026-09-13T22:21:42
70c01e2f-bc7b-4399-9c31-ea2d725c1741	scene3	job	completed	1	2026-09-13T22:21:42
aa65cc3d-fc49-44f2-8007-afc318ee379b	scene3	job	completed	0	2026-09-13T22:20:57
194f53e7-a52a-4b50-92c5-82bdae6e10b2	scene3	job	completed	0	2026-09-13T22:20:57
407d950d-b29e-453d-9105-f21b556aad53	scene2	job	ip_detected	0	2026-09-13T22:16:13
c2e2b8db-9973-488e-aee8-0a1d3494855c	scene2	job	completed	0	2026-09-13T22:16:13
e4b5998b-1ff3-45e8-901b-a84027c36c49	scene2	job	completed	0	2026-09-13T22:14:49
416f5f35-9bdc-411c-9b90-76cf3e7ef448	scene2	job	completed	0	2026-09-13T22:14:49
4779332a-6a05-457c-93fa-8cb4c60b1744	scene2	job	completed	0	2026-09-13T22:14:09
820907db-ba74-4ae3-84be-be5dc2423239	scene2	job	completed	0	2026-09-13T22:14:09
3cc59ef0-e2f8-4589-b832-eee7dc665bdc	scene2	job	completed	0	2026-09-13T22:12:01
c9da8ff1-1106-425c-8aec-77d06e74eff6	scene2	job	completed	0	2026-09-13T22:12:01
328324f8-f861-44ce-abcf-a0936131c0b7	scene2	job	completed	0	2026-09-13T22:08:16
95326675-0f8e-4bab-8080-da7b36076f69	scene2	job	completed	0	2026-09-13T22:08:16
1971bd66-4b13-468f-9a3d-f962592b2433	scene2	job	completed	0	2026-09-13T22:07:35
bab3224f-6ea7-4d17-a89e-36ab77b6dd0f	scene2	job	completed	0	2026-09-13T22:07:35
4abb698e-fd51-4350-a51b-80130d5c0204	scene2	job	completed	0	2026-09-13T22:07:21
b34943d9-635c-4404-9726-9b7ff6fec284	scene2	job	completed	0	2026-09-13T22:07:21
165ab3d9-6fe4-4862-b606-83605e88de9d	scene2	job	completed	0	2026-09-13T22:05:22
ac7a4e25-e6de-4175-bbaa-c543aa36decf	scene2	job	completed	0	2026-09-13T22:05:22
01714029-13dd-4f3b-b145-c0093fb72836	scene2	job	completed	0	2026-09-13T22:01:13
ba9b30eb-8875-48da-a5d5-997722cd2c99	scene2	job	completed	0	2026-09-13T22:01:13
deedd011-18ca-4c9b-a25e-74f7501aaa96	scene2	job	completed	0	2026-09-13T21:48:05
fd089667-31c3-4fb8-9bbd-0929dab24597	scene2	job	completed	0	2026-09-13T21:48:05
f8035ad4-f4ad-48e8-a7aa-b7f7a4b27520	scene2	job	completed	0	2026-09-13T21:47:34
a89f4676-3e0d-4506-966d-32dce04f7ab3	scene2	job	completed	0	2026-09-13T21:47:34
3b4e617c-1c9f-4f71-afcc-87ab125e98da	scene1	job	completed	0	2026-09-13T21:46:31
d4fdb764-7f75-4bbd-846d-3328cd9ab6bc	scene1	job	completed	0	2026-09-13T21:46:31
bdf527cd-fcea-4b28-93d2-7b556490b6f5	scene1	job	completed	0	2026-09-13T21:44:35
5bb46cd9-4cc2-43d1-b581-ec8b5be6b3c7	scene1	job	completed	0	2026-09-13T21:44:35
21e77f5d-d864-424f-a56b-89348f9aac1c	scene1	job	completed	0	2026-09-13T21:34:35
959236d4-4ce2-45a5-9d4c-d03d7292da08	scene1	job	completed	0	2026-09-13T21:34:35
fed12f12-f8c1-4f40-8baf-fb8890ae92fb	scene1	job	completed	1	2026-09-13T21:26:12
ec2aa3e5-c396-46f6-8c85-80860eb23752	scene1	job	completed	0	2026-09-13T21:26:12
3ef54818-5940-444f-85ad-61ae0a30a264	scene1	job	completed	1	2026-09-13T21:15:39
4874d9e4-6f43-4838-91cf-803223a44ba0	scene1	job	completed	0	2026-09-13T21:15:39
f84a308f-c046-4985-a4f0-deaaacddef31	scene1	job	completed	0	2026-09-13T17:48:58
7ad03129-7d8d-44a3-8688-08aabfec3d64	film	job	completed	0	2026-09-13T17:40:17
1e354726-4f77-4b50-b829-9f13058ed7b3	film	job	completed	0	2026-09-13T17:40:09
3a437add-909f-469f-abe4-d4ec1ab1e8c1	scene1	job	completed	1	2026-09-10T20:34:19
48c4b641-9340-43bb-a813-5e4aa2de041f	scene1	job	completed	1	2026-09-10T20:34:13
c437bc36-25ea-470f-a562-7ad886fa9fb1	scene1	job	completed	1	2026-09-08T03:18:32
394484bc-42d0-4148-b1dd-7154c6213801	scene1	job	completed	0	2026-09-08T03:18:32
b9c5d61d-c23f-47bb-b16c-38a6522f3c6b	scene1	job	completed	0	2026-09-08T03:18:09
acec24ac-45af-4555-b08c-e5c7157608e5	scene1	job	completed	0	2026-09-08T03:18:09
339f05e1-c78e-4b9d-a7f9-b9b5fb28d1e1	scene1	job	completed	1	2026-09-08T03:16:59
3c5d65d9-6451-47fc-bdae-9e850561c4aa	scene1	job	completed	1	2026-09-08T03:16:59
b0eacdd1-d1cc-4926-8ba9-e4d822d9b350	other	job	completed	1	2026-08-29T19:04:01
27ca6080-592a-40ac-8f0e-a4ae95f229ff	other	job	completed	0	2026-08-29T19:04:01
55a7c480-4837-4189-9fd4-c9d9b582b2cd	other	job	completed	1	2026-08-19T21:57:49
b7f116de-8fe2-464a-b900-7a9d3c0a00c7	other	job	completed	1	2026-08-19T21:05:46
7f03d3e8-4647-415d-9b98-c1955a9526f6	other	job	completed	1	2026-08-19T21:05:46
1802a033-9385-4637-a589-63b2080c3ac3	scene3	job	completed	1	2026-08-19T18:10:23
3d5773b7-3073-403b-b5f1-10b80e743b7b	scene3	job	completed	1	2026-08-19T18:10:23
3389a498-f637-41cb-893f-dbbebba679af	root	job	completed	1	2026-08-14T04:59:34
f9eed218-da3a-41a7-8fa1-e1b2f32ac400	film	job	completed	1	2026-08-13T23:15:27
41da5725-9cb4-4d7f-92fa-e42c9bc6f65c	scene2	job	completed	1	2026-08-12T07:39:43
b1b71c32-7d1a-402f-af57-9041bcf6e34f	scene2	job	completed	0	2026-08-12T07:39:43
9be62a0f-5817-439d-affb-858f881b3aff	root	job	completed	0	2026-08-11T09:09:00
4bd13c72-e4d4-42f8-ad7f-4cca744d0c71	other	job	completed	0	2026-08-11T08:57:40
e95fb85c-06e1-4ceb-8f26-84aa5fa065a1	other	job	completed	1	2026-08-11T08:57:19
f77f2121-0991-4cfa-8a7a-a2efb5eecf16	other	job	completed	0	2026-08-11T08:56:49
21395b97-d9b9-4012-b8c2-6c4a4e601522	other	job	completed	0	2026-08-11T08:56:10
